<code_scheme name="Default" version="173">
  <JavaCodeStyleSettings>
    <option name="ALIGN_MULTILINE_TEXT_BLOCKS" value="true" />
  </JavaCodeStyleSettings>
  <XML>
    <option name="XML_SPACE_AROUND_EQUALITY_IN_ATTRIBUTE" value="true" />
  </XML>
  <codeStyleSettings language="JAVA">
    <option name="ELSE_ON_NEW_LINE" value="true" />
    <option name="ALIGN_MULTILINE_PARENTHESIZED_EXPRESSION" value="true" />
    <option name="ALIGN_GROUP_FIELD_DECLARATIONS" value="true" />
    <option name="ALIGN_CONSECUTIVE_VARIABLE_DECLARATIONS" value="true" />
    <option name="ALIGN_CONSECUTIVE_ASSIGNMENTS" value="true" />
  </codeStyleSettings>
  <codeStyleSettings language="XML">
    <indentOptions>
      <option name="SMART_TABS" value="true" />
    </indentOptions>
  </codeStyleSettings>
</code_scheme>